{"IcoMoonType":"selection","icons":[{"icon":{"paths":["M204.8 819.2l614.4-614.4 614.4 614.4"],"attrs":[{"fill":"none","stroke":"rgb(143, 143, 143)","strokeLinejoin":"round","strokeLinecap":"round","strokeMiterlimit":"4","strokeWidth":409.6}],"width":1638,"isMulticolor":false,"isMulticolor2":false,"grid":0,"tags":["filter-dropdown-up"]},"attrs":[{"fill":"none","stroke":"rgb(143, 143, 143)","strokeLinejoin":"round","strokeLinecap":"round","strokeMiterlimit":"4","strokeWidth":409.6}],"properties":{"order":8,"id":4,"name":"filter-dropdown-up","prevSize":32,"code":59652},"setIdx":0,"setId":2,"iconIdx":0},{"icon":{"paths":["M102.4 512l358.4 358.4 716.8-768"],"attrs":[{"fill":"none","strokeLinejoin":"miter","strokeLinecap":"butt","strokeMiterlimit":"4","strokeWidth":204.8}],"width":1331,"isMulticolor":false,"isMulticolor2":false,"grid":0,"tags":["check"],"colorPermutations":{}},"attrs":[{"fill":"none","strokeLinejoin":"miter","strokeLinecap":"butt","strokeMiterlimit":"4","strokeWidth":204.8}],"properties":{"order":6,"id":3,"name":"check","prevSize":32,"code":59651},"setIdx":0,"setId":2,"iconIdx":1},{"icon":{"paths":["M284.444 0h56.889v1024h-56.889v-1024zM0 341.336h56.889v682.664h-56.889v-682.664zM625.778 512h-56.889v512h56.889v-512z"],"attrs":[],"width":626,"isMulticolor":false,"isMulticolor2":false,"grid":0,"tags":["compare"],"colorPermutations":{}},"attrs":[],"properties":{"order":7,"id":2,"name":"compare","prevSize":32,"code":59648},"setIdx":0,"setId":2,"iconIdx":2},{"icon":{"paths":["M802.133 0c40.175 0 77.865 7.644 113.063 22.933 35.205 15.289 65.959 36.089 92.269 62.4 26.31 25.956 46.933 56.711 61.87 92.266 15.285 35.2 22.931 72.712 22.931 112.534 0 38.756-7.468 75.911-22.398 111.466-14.582 35.556-35.383 66.845-62.403 93.867l-461.332 460.799-461.333-460.799c-27.022-27.022-48-58.311-62.934-93.867-14.578-35.555-21.867-72.711-21.867-111.466 0-39.822 7.467-77.333 22.4-112.534 15.289-35.555 36.089-66.311 62.4-92.266 26.311-26.311 57.066-47.111 92.266-62.4s72.889-22.933 113.067-22.933c29.511 0 55.822 3.378 78.933 10.133s44.444 16.178 64 28.267c19.911 11.733 38.756 25.956 56.534 42.667 18.133 16.711 36.977 35.022 56.533 54.934 19.556-19.911 38.223-38.223 56-54.934 18.134-16.711 36.978-30.933 56.534-42.667 19.911-12.089 41.421-21.511 64.537-28.267 23.108-6.756 49.418-10.133 78.93-10.133zM958.935 446.934c20.978-20.978 36.973-44.978 47.998-72s16.534-55.289 16.534-84.8c0-30.933-5.687-59.733-17.067-86.4-11.38-27.023-27.197-50.311-47.466-69.867-19.913-19.911-43.377-35.378-70.403-46.4-26.665-11.378-55.467-17.067-86.398-17.067-29.867 0-56.354 4.8-79.469 14.4-23.108 9.244-44.442 21.511-63.997 36.8s-38.4 32.711-56.534 52.267c-17.777 19.199-36.444 38.755-56 58.666-19.2-19.2-37.867-38.577-56-58.133s-37.155-37.155-57.067-52.8c-19.556-15.645-41.066-28.445-64.533-38.4-23.111-9.955-49.245-14.933-78.4-14.933-30.578 0-59.378 5.867-86.4 17.6-27.023 11.378-50.667 27.2-70.934 47.466-19.911 19.911-35.733 43.378-47.466 70.401-11.378 27.022-17.067 55.822-17.067 86.4 0 29.511 5.511 57.777 16.534 84.8 11.377 27.022 27.555 51.022 48.533 72l412.8 412.803 412.802-412.803z"],"attrs":[],"width":1092,"isMulticolor":false,"isMulticolor2":false,"grid":0,"tags":["favorite"],"colorPermutations":{}},"attrs":[],"properties":{"order":3,"id":1,"name":"favorite","prevSize":32,"code":59649},"setIdx":0,"setId":2,"iconIdx":3},{"icon":{"paths":["M959.023 462.103v94.953h-427.287v462.103h-104.448v-462.103h-427.287v-94.953h427.287v-462.103h104.448v462.103h427.287z"],"attrs":[],"isMulticolor":false,"isMulticolor2":false,"grid":0,"tags":["plus"],"colorPermutations":{}},"attrs":[],"properties":{"order":2,"id":0,"name":"plus","prevSize":32,"code":59650},"setIdx":0,"setId":2,"iconIdx":4}],"height":1024,"metadata":{"name":"icomoon"},"preferences":{"showGlyphs":true,"showQuickUse":true,"showQuickUse2":true,"showSVGs":true,"fontPref":{"prefix":"icon-","metadata":{"fontFamily":"icomoon","majorVersion":1,"minorVersion":0},"metrics":{"emSize":1024,"baseline":6.25,"whitespace":50},"embed":false,"autoHost":true,"resetPoint":59648,"showSelector":true,"selector":"i","showMetrics":false,"showMetadata":false,"showVersion":false},"imagePref":{"prefix":"icon-","png":true,"useClassSelector":true,"color":0,"bgColor":16777215,"classSelector":".icon"},"historySize":50,"showCodes":true,"gridSize":16,"quickUsageToken":{"UntitledProject":"MDA1MTEyMjU1MGE0ODFhYTRlODRiMDU0ZjI0ODRlYTUjMSMxNTg2MDA0NDAzIyMj"},"showLiga":false}}